year,project_name,team,discovery_source,candidate_url,candidate_type,match_basis,source_record,resolution_status,notes
2025,ちゅーりんうぉっち,,,,,,,not_found,no candidate URL matched the project name; official first-round results: official first-round page parsed; 0 project-URL candidates (https://urbandata-challenge.jp/news/2025-finalist)
2025,通報しに行っちゃお！言っちゃお！～若者の社会参画の促進～,,,,,,,not_found,no candidate URL matched the project name; official first-round results: official first-round page parsed; 0 project-URL candidates (https://urbandata-challenge.jp/news/2025-finalist)
2025,3D-BW (3D Break-Water Simulator),,,,,,,not_found,no candidate URL matched the project name; official first-round results: official first-round page parsed; 0 project-URL candidates (https://urbandata-challenge.jp/news/2025-finalist)
2025,クイズでつなぐ石川のまち,,,,,,,not_found,no candidate URL matched the project name; official first-round results: official first-round page parsed; 0 project-URL candidates (https://urbandata-challenge.jp/news/2025-finalist)
2025,遊びを加えた山の危険度認識と豪雨災害に向けた避難意識の向上策,,,,,,,not_found,no candidate URL matched the project name; official first-round results: official first-round page parsed; 0 project-URL candidates (https://urbandata-challenge.jp/news/2025-finalist)
2025,Live Shibuya Digital Twin：ライブデータ×3D×VRによる都市状況可視化と生成AIによるリアルタイム世界改変,,,,,,,not_found,no candidate URL matched the project name; official first-round results: official first-round page parsed; 0 project-URL candidates (https://urbandata-challenge.jp/news/2025-finalist)
2025,和算を嗜む ー ダンジョンＲＰＧ,,,,,,,not_found,no candidate URL matched the project name; official first-round results: official first-round page parsed; 0 project-URL candidates (https://urbandata-challenge.jp/news/2025-finalist)
2025,九州元気マップ,,,,,,,not_found,no candidate URL matched the project name; official first-round results: official first-round page parsed; 0 project-URL candidates (https://urbandata-challenge.jp/news/2025-finalist)
2025,3Dで体験する次世代インフラツーリズムとメンテナンス教育ツール,,,,,,,not_found,no candidate URL matched the project name; official first-round results: official first-round page parsed; 0 project-URL candidates (https://urbandata-challenge.jp/news/2025-finalist)
2025,選挙中じゃないときも、議員の「日々の活動」や「地域の問題や未来についてどう考えているのか」がわかる“さいたまのせいじ（政治）見える化”プロジェクト,,,,,,,not_found,no candidate URL matched the project name; official first-round results: official first-round page parsed; 0 project-URL candidates (https://urbandata-challenge.jp/news/2025-finalist)
2025,デジタル版「菊池ふるさとかるた」,,,,,,,not_found,no candidate URL matched the project name; official first-round results: official first-round page parsed; 0 project-URL candidates (https://urbandata-challenge.jp/news/2025-finalist)
2025,広島県インフラマネジメント基盤Dobox等で樹園地の持続可能性を考えてみた・・・,,,,,,,not_found,no candidate URL matched the project name; official first-round results: official first-round page parsed; 0 project-URL candidates (https://urbandata-challenge.jp/news/2025-finalist)
2025,のぼレコ,,,,,,,not_found,no candidate URL matched the project name; official first-round results: official first-round page parsed; 0 project-URL candidates (https://urbandata-challenge.jp/news/2025-finalist)
2025,交通安全オープンデータを活用した総合オンラインマップの構築と事故対策支援への応用,,,,,,,not_found,no candidate URL matched the project name; official first-round results: official first-round page parsed; 0 project-URL candidates (https://urbandata-challenge.jp/news/2025-finalist)
2025,迷わないバスナビ,,,,,,,not_found,no candidate URL matched the project name; official first-round results: official first-round page parsed; 0 project-URL candidates (https://urbandata-challenge.jp/news/2025-finalist)
2025,～都市居住環境を高速でデジタル化～ 生成AI駆動型三次元建物モデリングシステム,,,,,,,not_found,no candidate URL matched the project name; official first-round results: official first-round page parsed; 0 project-URL candidates (https://urbandata-challenge.jp/news/2025-finalist)
2025,災害データ可視化サービス「DP Note」の開発,,,,,,,not_found,no candidate URL matched the project name; official first-round results: official first-round page parsed; 0 project-URL candidates (https://urbandata-challenge.jp/news/2025-finalist)
2025,水のみち散策,,,,,,,not_found,no candidate URL matched the project name; official first-round results: official first-round page parsed; 0 project-URL candidates (https://urbandata-challenge.jp/news/2025-finalist)
2025,特殊橋における3次元モデルを活用した維持管理手法,,,,,,,not_found,no candidate URL matched the project name; official first-round results: official first-round page parsed; 0 project-URL candidates (https://urbandata-challenge.jp/news/2025-finalist)
2025,子ども統計教室「まちケア・ステップ」,,,,,,,not_found,no candidate URL matched the project name; official first-round results: official first-round page parsed; 0 project-URL candidates (https://urbandata-challenge.jp/news/2025-finalist)
2025,広島県の取組〜2025〜,,,,,,,not_found,no candidate URL matched the project name; official first-round results: official first-round page parsed; 0 project-URL candidates (https://urbandata-challenge.jp/news/2025-finalist)
2025,飛騨高山をデジタル都市へ～名大生・山高生の観光まちづくりプロジェクト～,,,,,,,not_found,no candidate URL matched the project name; official first-round results: official first-round page parsed; 0 project-URL candidates (https://urbandata-challenge.jp/news/2025-finalist)
2025,視線入力どうぶつクイズゲーム,,,,,,,not_found,no candidate URL matched the project name; official first-round results: official first-round page parsed; 0 project-URL candidates (https://urbandata-challenge.jp/news/2025-finalist)
2025,Poetech太宰府,,,,,,,not_found,no candidate URL matched the project name; official first-round results: official first-round page parsed; 0 project-URL candidates (https://urbandata-challenge.jp/news/2025-finalist)
2025,ANSHIN JAPAN,,,,,,,not_found,no candidate URL matched the project name; official first-round results: official first-round page parsed; 0 project-URL candidates (https://urbandata-challenge.jp/news/2025-finalist)
2025,持続可能な街づくりのための指標とデータ分析基盤の開発,,,,,,,not_found,no candidate URL matched the project name; official first-round results: official first-round page parsed; 0 project-URL candidates (https://urbandata-challenge.jp/news/2025-finalist)
2025,マイボ,,,,,,,not_found,no candidate URL matched the project name; official first-round results: official first-round page parsed; 0 project-URL candidates (https://urbandata-challenge.jp/news/2025-finalist)
2025,GTFSを使ったバス停留所案内の多言語対応の推進,,,,,,,not_found,no candidate URL matched the project name; official first-round results: official first-round page parsed; 0 project-URL candidates (https://urbandata-challenge.jp/news/2025-finalist)
2025,BODIK Data Viewer,,,,,,,not_found,no candidate URL matched the project name; official first-round results: official first-round page parsed; 0 project-URL candidates (https://urbandata-challenge.jp/news/2025-finalist)
2025,ノーコード地域アプリ作成プラットフォーム,,,,,,,not_found,no candidate URL matched the project name; official first-round results: official first-round page parsed; 0 project-URL candidates (https://urbandata-challenge.jp/news/2025-finalist)
2025,VP Studio,,,,,,,not_found,no candidate URL matched the project name; official first-round results: official first-round page parsed; 0 project-URL candidates (https://urbandata-challenge.jp/news/2025-finalist)
2025,4D因果律に基づくインフラ管理システム ～4D Causal Infrastructure Management (4D-CIM)～,,,,,,,not_found,no candidate URL matched the project name; official first-round results: official first-round page parsed; 0 project-URL candidates (https://urbandata-challenge.jp/news/2025-finalist)
2025,「ドローン×AI」によるインフラ維持管理,,,,,,,not_found,no candidate URL matched the project name; official first-round results: official first-round page parsed; 0 project-URL candidates (https://urbandata-challenge.jp/news/2025-finalist)
2025,AI×市民×行政でつくる次世代インフラ点検アプリ,,,,,,,not_found,no candidate URL matched the project name; official first-round results: official first-round page parsed; 0 project-URL candidates (https://urbandata-challenge.jp/news/2025-finalist)
2025,自然言語で検索・診断できる3Dデータのインフラ点検ＤＸ,,,,,,,not_found,no candidate URL matched the project name; official first-round results: official first-round page parsed; 0 project-URL candidates (https://urbandata-challenge.jp/news/2025-finalist)
2024,ヒヤリハットから作成するバリアフリーマップ,,,,,,,not_found,no candidate URL matched the project name; official first-round results: official first-round page parsed; 0 project-URL candidates (https://urbandata-challenge.jp/news/2024-finalist)
2024,名大生・山高生によるデータを利活用した観光まちづくりin飛騨高山,,,,,,,not_found,no candidate URL matched the project name; official first-round results: official first-round page parsed; 0 project-URL candidates (https://urbandata-challenge.jp/news/2024-finalist)
2024,PhotoBot,,,,,,,not_found,no candidate URL matched the project name; official first-round results: official first-round page parsed; 0 project-URL candidates (https://urbandata-challenge.jp/news/2024-finalist)
2024,岐阜ロゲ ver.3,,,,,,,not_found,no candidate URL matched the project name; official first-round results: official first-round page parsed; 0 project-URL candidates (https://urbandata-challenge.jp/news/2024-finalist)
2024,プレイ＆サバイブ,,,,,,,not_found,no candidate URL matched the project name; official first-round results: official first-round page parsed; 0 project-URL candidates (https://urbandata-challenge.jp/news/2024-finalist)
2024,和光市こどもの居場所オープンデータ,,,,,,,not_found,no candidate URL matched the project name; official first-round results: official first-round page parsed; 0 project-URL candidates (https://urbandata-challenge.jp/news/2024-finalist)
2024,デジタル地球儀,,,,,,,not_found,no candidate URL matched the project name; official first-round results: official first-round page parsed; 0 project-URL candidates (https://urbandata-challenge.jp/news/2024-finalist)
2024,人流ハック ～データで遊ぶ都市体験～,,,,,,,not_found,no candidate URL matched the project name; official first-round results: official first-round page parsed; 0 project-URL candidates (https://urbandata-challenge.jp/news/2024-finalist)
2024,千葉移住サポートデータ,,,,,,,not_found,no candidate URL matched the project name; official first-round results: official first-round page parsed; 0 project-URL candidates (https://urbandata-challenge.jp/news/2024-finalist)
2024,廃食油回収アプリ「ナビッシュ」の提案 ～捨てない未来の新エネルギー～,,,,,,,not_found,no candidate URL matched the project name; official first-round results: official first-round page parsed; 0 project-URL candidates (https://urbandata-challenge.jp/news/2024-finalist)
2024,地方移住支援アプリ「移住シミュレーション」,,,,,,,not_found,no candidate URL matched the project name; official first-round results: official first-round page parsed; 0 project-URL candidates (https://urbandata-challenge.jp/news/2024-finalist)
2024,広島県におけるデータ利活用の取り組みについて,,,,,,,not_found,no candidate URL matched the project name; official first-round results: official first-round page parsed; 0 project-URL candidates (https://urbandata-challenge.jp/news/2024-finalist)
2024,柑橘類産地としての持続性の維持・向上のために － 支援ツールとしての地形データ等を活用した3DWebGIS －,,,,,,,not_found,no candidate URL matched the project name; official first-round results: official first-round page parsed; 0 project-URL candidates (https://urbandata-challenge.jp/news/2024-finalist)
2024,おでかけ提案アプリ まちマッチング,,,,,,,not_found,no candidate URL matched the project name; official first-round results: official first-round page parsed; 0 project-URL candidates (https://urbandata-challenge.jp/news/2024-finalist)
2024,内水氾濫常襲地における被害予測,,,,,,,not_found,no candidate URL matched the project name; official first-round results: official first-round page parsed; 0 project-URL candidates (https://urbandata-challenge.jp/news/2024-finalist)
2024,「もちコレ」を活用した「お餅トッピングパーティ」の実践,,,,,,,not_found,no candidate URL matched the project name; official first-round results: official first-round page parsed; 0 project-URL candidates (https://urbandata-challenge.jp/news/2024-finalist)
2024,ぽいくる（Poicle）,,,,,,,not_found,no candidate URL matched the project name; official first-round results: official first-round page parsed; 0 project-URL candidates (https://urbandata-challenge.jp/news/2024-finalist)
2024,SAGAスマート街なかプロジェクトの議論支援システム群,,,,,,,not_found,no candidate URL matched the project name; official first-round results: official first-round page parsed; 0 project-URL candidates (https://urbandata-challenge.jp/news/2024-finalist)
2024,みんなの自主防,,,,,,,not_found,no candidate URL matched the project name; official first-round results: official first-round page parsed; 0 project-URL candidates (https://urbandata-challenge.jp/news/2024-finalist)
2024,『インフラすごろく』 〜インフラツーリズムのラストワンマイルを解決して、すごろくをめぐるようにインフラめぐり〜,,,,,,,not_found,no candidate URL matched the project name; official first-round results: official first-round page parsed; 0 project-URL candidates (https://urbandata-challenge.jp/news/2024-finalist)
2024,AIを活用した地域資源の発掘と地域助け合いネットワークの構築,,,,,,,not_found,no candidate URL matched the project name; official first-round results: official first-round page parsed; 0 project-URL candidates (https://urbandata-challenge.jp/news/2024-finalist)
2024,駅キャラFILES,,,,,,,not_found,no candidate URL matched the project name; official first-round results: official first-round page parsed; 0 project-URL candidates (https://urbandata-challenge.jp/news/2024-finalist)
2024,玉名未来づくり研究所,,,,,,,not_found,no candidate URL matched the project name; official first-round results: official first-round page parsed; 0 project-URL candidates (https://urbandata-challenge.jp/news/2024-finalist)
2024,ポイバスター ～ポイ捨てゴミを捕獲して街と 一緒にレベルアップ！～,,,,,,,not_found,no candidate URL matched the project name; official first-round results: official first-round page parsed; 0 project-URL candidates (https://urbandata-challenge.jp/news/2024-finalist)
2024,埼玉県全域における石橋供養塔のアーカイブ化,,,,,,,not_found,no candidate URL matched the project name; official first-round results: official first-round page parsed; 0 project-URL candidates (https://urbandata-challenge.jp/news/2024-finalist)
2023,「Knight モード」で帰らナイト。,,,,,,,not_found,no candidate URL matched the project name; official first-round results: official first-round page parsed; 0 project-URL candidates (https://urbandata-challenge.jp/news/2023-finalist)
2023,みんなのトイレマップ,,,,,,,not_found,no candidate URL matched the project name; official first-round results: official first-round page parsed; 0 project-URL candidates (https://urbandata-challenge.jp/news/2023-finalist)
2023,GoVote KAWASAKI ～さそいあって選挙にいこう！～,,,,,,,not_found,no candidate URL matched the project name; official first-round results: official first-round page parsed; 0 project-URL candidates (https://urbandata-challenge.jp/news/2023-finalist)
2023,車窓Grapher,,,,,,,not_found,no candidate URL matched the project name; official first-round results: official first-round page parsed; 0 project-URL candidates (https://urbandata-challenge.jp/news/2023-finalist)
2023,岐阜ロゲ ver.2,,,,,,,not_found,no candidate URL matched the project name; official first-round results: official first-round page parsed; 0 project-URL candidates (https://urbandata-challenge.jp/news/2023-finalist)
2023,日本全国の町丁目別緑被率オープンデータ,,,,,,,not_found,no candidate URL matched the project name; official first-round results: official first-round page parsed; 0 project-URL candidates (https://urbandata-challenge.jp/news/2023-finalist)
2023,防災かるたアプリを活用した子供の防災意識改善に関する取り組み,,,,,,,not_found,no candidate URL matched the project name; official first-round results: official first-round page parsed; 0 project-URL candidates (https://urbandata-challenge.jp/news/2023-finalist)
2023,HIYAMAP～GISを活用した安心・安全な「まち」づくり～,,,,,,,not_found,no candidate URL matched the project name; official first-round results: official first-round page parsed; 0 project-URL candidates (https://urbandata-challenge.jp/news/2023-finalist)
2023,人流データによる地域魅力度可視化システム,,,,,,,not_found,no candidate URL matched the project name; official first-round results: official first-round page parsed; 0 project-URL candidates (https://urbandata-challenge.jp/news/2023-finalist)
2023,ラーメン食べても罪滅ぼしウォーキング,,,,,,,not_found,no candidate URL matched the project name; official first-round results: official first-round page parsed; 0 project-URL candidates (https://urbandata-challenge.jp/news/2023-finalist)
2023,桜咲プロジェクト in 奈良,,,,,,,not_found,no candidate URL matched the project name; official first-round results: official first-round page parsed; 0 project-URL candidates (https://urbandata-challenge.jp/news/2023-finalist)
2023,Bus TimeTable by Edge Runtime,,,,,,,not_found,no candidate URL matched the project name; official first-round results: official first-round page parsed; 0 project-URL candidates (https://urbandata-challenge.jp/news/2023-finalist)
2023,PLATEAUを利用した名古屋市の犯罪マップと類似領域検索,,,,,,,not_found,no candidate URL matched the project name; official first-round results: official first-round page parsed; 0 project-URL candidates (https://urbandata-challenge.jp/news/2023-finalist)
2023,石橋供養塔から復元する江戸時代の交通環境 ‐埼玉県坂戸市を事例として‐,,,,,,,not_found,no candidate URL matched the project name; official first-round results: official first-round page parsed; 0 project-URL candidates (https://urbandata-challenge.jp/news/2023-finalist)
2023,似た境遇のひとり親同士が繋がれ相談し合えるトークアプリ「ペアチル」,,,,,,,not_found,no candidate URL matched the project name; official first-round results: official first-round page parsed; 0 project-URL candidates (https://urbandata-challenge.jp/news/2023-finalist)
2023,メタ観光,,,,,,,not_found,no candidate URL matched the project name; official first-round results: official first-round page parsed; 0 project-URL candidates (https://urbandata-challenge.jp/news/2023-finalist)
2023,GTFSデータの整備及び利活用促進のためのツール群の開発,,,,,,,not_found,no candidate URL matched the project name; official first-round results: official first-round page parsed; 0 project-URL candidates (https://urbandata-challenge.jp/news/2023-finalist)
2023,地方公共交通の運用の効率測定を自動化するMaaS DXサービス,,,,,,,not_found,no candidate URL matched the project name; official first-round results: official first-round page parsed; 0 project-URL candidates (https://urbandata-challenge.jp/news/2023-finalist)
2023,CrossPlatform GISViewer,,,,,,,not_found,no candidate URL matched the project name; official first-round results: official first-round page parsed; 0 project-URL candidates (https://urbandata-challenge.jp/news/2023-finalist)
2023,獣害マップ,,,,,,,not_found,no candidate URL matched the project name; official first-round results: official first-round page parsed; 0 project-URL candidates (https://urbandata-challenge.jp/news/2023-finalist)
2023,安芸高田市に人を集めたい！,,,,,,,not_found,no candidate URL matched the project name; official first-round results: official first-round page parsed; 0 project-URL candidates (https://urbandata-challenge.jp/news/2023-finalist)
2023,読み聞かせナビ,,,,,,,not_found,no candidate URL matched the project name; official first-round results: official first-round page parsed; 0 project-URL candidates (https://urbandata-challenge.jp/news/2023-finalist)
2023,ウィキペディアで地域情報を世界に発信,,,,,,,not_found,no candidate URL matched the project name; official first-round results: official first-round page parsed; 0 project-URL candidates (https://urbandata-challenge.jp/news/2023-finalist)
2023,長野県の橋梁GIS,,,,,,,not_found,no candidate URL matched the project name; official first-round results: official first-round page parsed; 0 project-URL candidates (https://urbandata-challenge.jp/news/2023-finalist)
2023,道の駅API,,,,,,,not_found,no candidate URL matched the project name; official first-round results: official first-round page parsed; 0 project-URL candidates (https://urbandata-challenge.jp/news/2023-finalist)
2023,エンサイクルペディア,,,,,,,not_found,no candidate URL matched the project name; official first-round results: official first-round page parsed; 0 project-URL candidates (https://urbandata-challenge.jp/news/2023-finalist)
2023,日本全国WiFi探しの旅,,,,,,,not_found,no candidate URL matched the project name; official first-round results: official first-round page parsed; 0 project-URL candidates (https://urbandata-challenge.jp/news/2023-finalist)
2023,どこでも使えるWEBスタンプラリー,,,,,,,not_found,no candidate URL matched the project name; official first-round results: official first-round page parsed; 0 project-URL candidates (https://urbandata-challenge.jp/news/2023-finalist)
2023,熊本県文化財一覧 地図検索,,,,,,,not_found,no candidate URL matched the project name; official first-round results: official first-round page parsed; 0 project-URL candidates (https://urbandata-challenge.jp/news/2023-finalist)
2023,マイ議会 ―地方議会のオープンデータ体験プラットフォーム―,,,,,,,not_found,no candidate URL matched the project name; official first-round results: official first-round page parsed; 0 project-URL candidates (https://urbandata-challenge.jp/news/2023-finalist)
2023,玉名市文化財を地図上検索,,,,,,,not_found,no candidate URL matched the project name; official first-round results: official first-round page parsed; 0 project-URL candidates (https://urbandata-challenge.jp/news/2023-finalist)
2023,地図で見る熊本市校区別世帯数,,,,,,,not_found,no candidate URL matched the project name; official first-round results: official first-round page parsed; 0 project-URL candidates (https://urbandata-challenge.jp/news/2023-finalist)
2023,オープンデータ検索・取組状況可視化アプリ,,,,,,,not_found,no candidate URL matched the project name; official first-round results: official first-round page parsed; 0 project-URL candidates (https://urbandata-challenge.jp/news/2023-finalist)
2022,岐阜ロゲ,,,,,,,not_found,no candidate URL matched the project name; official first-round results: official first-round page parsed; 0 project-URL candidates (https://urbandata-challenge.jp/news/2022-finalist) | official finalist sheet: public sheet has no 作品URL column (https://docs.google.com/spreadsheets/d/1zPBJ2mUkFuIbnCl2qQqgY6zTwNbYm_ycYSMTWGoj7Fs/edit#gid=988414118) | official finalist sheet: public sheet has no 作品URL column (https://docs.google.com/spreadsheets/d/1zPBJ2mUkFuIbnCl2qQqgY6zTwNbYm_ycYSMTWGoj7Fs/edit#gid=606757580)
2022,橋梁流失リスクのオープンデータから始める気候変動適応ワークショップ「X-Bridge」,,,,,,,not_found,no candidate URL matched the project name; official first-round results: official first-round page parsed; 0 project-URL candidates (https://urbandata-challenge.jp/news/2022-finalist) | official finalist sheet: public sheet has no 作品URL column (https://docs.google.com/spreadsheets/d/1zPBJ2mUkFuIbnCl2qQqgY6zTwNbYm_ycYSMTWGoj7Fs/edit#gid=988414118) | official finalist sheet: public sheet has no 作品URL column (https://docs.google.com/spreadsheets/d/1zPBJ2mUkFuIbnCl2qQqgY6zTwNbYm_ycYSMTWGoj7Fs/edit#gid=606757580)
2022,iPhoneで作るバリアフリーマップ,,,,,,,not_found,no candidate URL matched the project name; official first-round results: official first-round page parsed; 0 project-URL candidates (https://urbandata-challenge.jp/news/2022-finalist) | official finalist sheet: public sheet has no 作品URL column (https://docs.google.com/spreadsheets/d/1zPBJ2mUkFuIbnCl2qQqgY6zTwNbYm_ycYSMTWGoj7Fs/edit#gid=988414118) | official finalist sheet: public sheet has no 作品URL column (https://docs.google.com/spreadsheets/d/1zPBJ2mUkFuIbnCl2qQqgY6zTwNbYm_ycYSMTWGoj7Fs/edit#gid=606757580)
2022,メタ巡検ーメタバース上で行う新しいフィールドワークの提案ー,,,,,,,not_found,no candidate URL matched the project name; official first-round results: official first-round page parsed; 0 project-URL candidates (https://urbandata-challenge.jp/news/2022-finalist) | official finalist sheet: public sheet has no 作品URL column (https://docs.google.com/spreadsheets/d/1zPBJ2mUkFuIbnCl2qQqgY6zTwNbYm_ycYSMTWGoj7Fs/edit#gid=988414118) | official finalist sheet: public sheet has no 作品URL column (https://docs.google.com/spreadsheets/d/1zPBJ2mUkFuIbnCl2qQqgY6zTwNbYm_ycYSMTWGoj7Fs/edit#gid=606757580)
2022,関数創発コミュニティ『かんすうや』,,,,,,,not_found,no candidate URL matched the project name; official first-round results: official first-round page parsed; 0 project-URL candidates (https://urbandata-challenge.jp/news/2022-finalist) | official finalist sheet: public sheet has no 作品URL column (https://docs.google.com/spreadsheets/d/1zPBJ2mUkFuIbnCl2qQqgY6zTwNbYm_ycYSMTWGoj7Fs/edit#gid=988414118) | official finalist sheet: public sheet has no 作品URL column (https://docs.google.com/spreadsheets/d/1zPBJ2mUkFuIbnCl2qQqgY6zTwNbYm_ycYSMTWGoj7Fs/edit#gid=606757580)
2022,鬼死骸村絵図デジタルマップ,,,,,,,not_found,no candidate URL matched the project name; official first-round results: official first-round page parsed; 0 project-URL candidates (https://urbandata-challenge.jp/news/2022-finalist) | official finalist sheet: public sheet has no 作品URL column (https://docs.google.com/spreadsheets/d/1zPBJ2mUkFuIbnCl2qQqgY6zTwNbYm_ycYSMTWGoj7Fs/edit#gid=988414118) | official finalist sheet: public sheet has no 作品URL column (https://docs.google.com/spreadsheets/d/1zPBJ2mUkFuIbnCl2qQqgY6zTwNbYm_ycYSMTWGoj7Fs/edit#gid=606757580)
2022,防災アプリ「SHS災害.info」の開発,,,,,,,not_found,no candidate URL matched the project name; official first-round results: official first-round page parsed; 0 project-URL candidates (https://urbandata-challenge.jp/news/2022-finalist) | official finalist sheet: public sheet has no 作品URL column (https://docs.google.com/spreadsheets/d/1zPBJ2mUkFuIbnCl2qQqgY6zTwNbYm_ycYSMTWGoj7Fs/edit#gid=988414118) | official finalist sheet: public sheet has no 作品URL column (https://docs.google.com/spreadsheets/d/1zPBJ2mUkFuIbnCl2qQqgY6zTwNbYm_ycYSMTWGoj7Fs/edit#gid=606757580)
2022,自治会活動のデジタル化～自治会をハックしよう～,,,,,,,not_found,no candidate URL matched the project name; official first-round results: official first-round page parsed; 0 project-URL candidates (https://urbandata-challenge.jp/news/2022-finalist) | official finalist sheet: public sheet has no 作品URL column (https://docs.google.com/spreadsheets/d/1zPBJ2mUkFuIbnCl2qQqgY6zTwNbYm_ycYSMTWGoj7Fs/edit#gid=988414118) | official finalist sheet: public sheet has no 作品URL column (https://docs.google.com/spreadsheets/d/1zPBJ2mUkFuIbnCl2qQqgY6zTwNbYm_ycYSMTWGoj7Fs/edit#gid=606757580)
2022,激アツ！昆虫マップ,,,,,,,not_found,no candidate URL matched the project name; official first-round results: official first-round page parsed; 0 project-URL candidates (https://urbandata-challenge.jp/news/2022-finalist) | official finalist sheet: public sheet has no 作品URL column (https://docs.google.com/spreadsheets/d/1zPBJ2mUkFuIbnCl2qQqgY6zTwNbYm_ycYSMTWGoj7Fs/edit#gid=988414118) | official finalist sheet: public sheet has no 作品URL column (https://docs.google.com/spreadsheets/d/1zPBJ2mUkFuIbnCl2qQqgY6zTwNbYm_ycYSMTWGoj7Fs/edit#gid=606757580)
2022,ランダムな言葉でめぐる謎解き公園探索,,,,,,,not_found,no candidate URL matched the project name; official first-round results: official first-round page parsed; 0 project-URL candidates (https://urbandata-challenge.jp/news/2022-finalist) | official finalist sheet: public sheet has no 作品URL column (https://docs.google.com/spreadsheets/d/1zPBJ2mUkFuIbnCl2qQqgY6zTwNbYm_ycYSMTWGoj7Fs/edit#gid=988414118) | official finalist sheet: public sheet has no 作品URL column (https://docs.google.com/spreadsheets/d/1zPBJ2mUkFuIbnCl2qQqgY6zTwNbYm_ycYSMTWGoj7Fs/edit#gid=606757580)
2022,インタラクティブなデジタルサイネージ Act-is,,,,,,,not_found,no candidate URL matched the project name; official first-round results: official first-round page parsed; 0 project-URL candidates (https://urbandata-challenge.jp/news/2022-finalist) | official finalist sheet: public sheet has no 作品URL column (https://docs.google.com/spreadsheets/d/1zPBJ2mUkFuIbnCl2qQqgY6zTwNbYm_ycYSMTWGoj7Fs/edit#gid=988414118) | official finalist sheet: public sheet has no 作品URL column (https://docs.google.com/spreadsheets/d/1zPBJ2mUkFuIbnCl2qQqgY6zTwNbYm_ycYSMTWGoj7Fs/edit#gid=606757580)
2022,座標とれ～る,,,,,,,not_found,no candidate URL matched the project name; official first-round results: official first-round page parsed; 0 project-URL candidates (https://urbandata-challenge.jp/news/2022-finalist) | official finalist sheet: public sheet has no 作品URL column (https://docs.google.com/spreadsheets/d/1zPBJ2mUkFuIbnCl2qQqgY6zTwNbYm_ycYSMTWGoj7Fs/edit#gid=988414118) | official finalist sheet: public sheet has no 作品URL column (https://docs.google.com/spreadsheets/d/1zPBJ2mUkFuIbnCl2qQqgY6zTwNbYm_ycYSMTWGoj7Fs/edit#gid=606757580)
2022,Linked Data API Navi,,,,,,,not_found,no candidate URL matched the project name; official first-round results: official first-round page parsed; 0 project-URL candidates (https://urbandata-challenge.jp/news/2022-finalist) | official finalist sheet: public sheet has no 作品URL column (https://docs.google.com/spreadsheets/d/1zPBJ2mUkFuIbnCl2qQqgY6zTwNbYm_ycYSMTWGoj7Fs/edit#gid=988414118) | official finalist sheet: public sheet has no 作品URL column (https://docs.google.com/spreadsheets/d/1zPBJ2mUkFuIbnCl2qQqgY6zTwNbYm_ycYSMTWGoj7Fs/edit#gid=606757580)
2022,子ども達とふるさとへの愛着を育てる「くさつお宝マップ」,,,,,,,not_found,no candidate URL matched the project name; official first-round results: official first-round page parsed; 0 project-URL candidates (https://urbandata-challenge.jp/news/2022-finalist) | official finalist sheet: public sheet has no 作品URL column (https://docs.google.com/spreadsheets/d/1zPBJ2mUkFuIbnCl2qQqgY6zTwNbYm_ycYSMTWGoj7Fs/edit#gid=988414118) | official finalist sheet: public sheet has no 作品URL column (https://docs.google.com/spreadsheets/d/1zPBJ2mUkFuIbnCl2qQqgY6zTwNbYm_ycYSMTWGoj7Fs/edit#gid=606757580)
2022,豊山町における介護予防を目的としたデータの収集・活用,,,,,,,not_found,no candidate URL matched the project name; official first-round results: official first-round page parsed; 0 project-URL candidates (https://urbandata-challenge.jp/news/2022-finalist) | official finalist sheet: public sheet has no 作品URL column (https://docs.google.com/spreadsheets/d/1zPBJ2mUkFuIbnCl2qQqgY6zTwNbYm_ycYSMTWGoj7Fs/edit#gid=988414118) | official finalist sheet: public sheet has no 作品URL column (https://docs.google.com/spreadsheets/d/1zPBJ2mUkFuIbnCl2qQqgY6zTwNbYm_ycYSMTWGoj7Fs/edit#gid=606757580)
2022,観光DX推進2022 in 飛騨高山,,,,,,,not_found,no candidate URL matched the project name; official first-round results: official first-round page parsed; 0 project-URL candidates (https://urbandata-challenge.jp/news/2022-finalist) | official finalist sheet: public sheet has no 作品URL column (https://docs.google.com/spreadsheets/d/1zPBJ2mUkFuIbnCl2qQqgY6zTwNbYm_ycYSMTWGoj7Fs/edit#gid=988414118) | official finalist sheet: public sheet has no 作品URL column (https://docs.google.com/spreadsheets/d/1zPBJ2mUkFuIbnCl2qQqgY6zTwNbYm_ycYSMTWGoj7Fs/edit#gid=606757580)
2022,みんなが使える、パッとわかる オープンデータ活用プラットフォーム Class Studio,,,,,,,not_found,no candidate URL matched the project name; official first-round results: official first-round page parsed; 0 project-URL candidates (https://urbandata-challenge.jp/news/2022-finalist) | official finalist sheet: public sheet has no 作品URL column (https://docs.google.com/spreadsheets/d/1zPBJ2mUkFuIbnCl2qQqgY6zTwNbYm_ycYSMTWGoj7Fs/edit#gid=988414118) | official finalist sheet: public sheet has no 作品URL column (https://docs.google.com/spreadsheets/d/1zPBJ2mUkFuIbnCl2qQqgY6zTwNbYm_ycYSMTWGoj7Fs/edit#gid=606757580)
2022,インフラ構造物の工事/業務/点検結果などの情報を3D管理するアプリケーション,,,,,,,not_found,no candidate URL matched the project name; official first-round results: official first-round page parsed; 0 project-URL candidates (https://urbandata-challenge.jp/news/2022-finalist) | official finalist sheet: public sheet has no 作品URL column (https://docs.google.com/spreadsheets/d/1zPBJ2mUkFuIbnCl2qQqgY6zTwNbYm_ycYSMTWGoj7Fs/edit#gid=988414118) | official finalist sheet: public sheet has no 作品URL column (https://docs.google.com/spreadsheets/d/1zPBJ2mUkFuIbnCl2qQqgY6zTwNbYm_ycYSMTWGoj7Fs/edit#gid=606757580)
2022,浸水想定区域における道路維持管理計画の策定支援,,,,,,,not_found,no candidate URL matched the project name; official first-round results: official first-round page parsed; 0 project-URL candidates (https://urbandata-challenge.jp/news/2022-finalist) | official finalist sheet: public sheet has no 作品URL column (https://docs.google.com/spreadsheets/d/1zPBJ2mUkFuIbnCl2qQqgY6zTwNbYm_ycYSMTWGoj7Fs/edit#gid=988414118) | official finalist sheet: public sheet has no 作品URL column (https://docs.google.com/spreadsheets/d/1zPBJ2mUkFuIbnCl2qQqgY6zTwNbYm_ycYSMTWGoj7Fs/edit#gid=606757580)
2022,PLATEAU YOKOHAMA タンジブルインタフェース,,,,,,,not_found,no candidate URL matched the project name; official first-round results: official first-round page parsed; 0 project-URL candidates (https://urbandata-challenge.jp/news/2022-finalist) | official finalist sheet: public sheet has no 作品URL column (https://docs.google.com/spreadsheets/d/1zPBJ2mUkFuIbnCl2qQqgY6zTwNbYm_ycYSMTWGoj7Fs/edit#gid=988414118) | official finalist sheet: public sheet has no 作品URL column (https://docs.google.com/spreadsheets/d/1zPBJ2mUkFuIbnCl2qQqgY6zTwNbYm_ycYSMTWGoj7Fs/edit#gid=606757580)
2022,規制緩和によるドローン到達可能エリアシミュレーションマップ,,,,,,,not_found,no candidate URL matched the project name; official first-round results: official first-round page parsed; 0 project-URL candidates (https://urbandata-challenge.jp/news/2022-finalist) | official finalist sheet: public sheet has no 作品URL column (https://docs.google.com/spreadsheets/d/1zPBJ2mUkFuIbnCl2qQqgY6zTwNbYm_ycYSMTWGoj7Fs/edit#gid=988414118) | official finalist sheet: public sheet has no 作品URL column (https://docs.google.com/spreadsheets/d/1zPBJ2mUkFuIbnCl2qQqgY6zTwNbYm_ycYSMTWGoj7Fs/edit#gid=606757580)
2022,商店街イベント応援プロジェクトと店舗オープンデータの活用,,,,,,,not_found,no candidate URL matched the project name; official first-round results: official first-round page parsed; 0 project-URL candidates (https://urbandata-challenge.jp/news/2022-finalist) | official finalist sheet: public sheet has no 作品URL column (https://docs.google.com/spreadsheets/d/1zPBJ2mUkFuIbnCl2qQqgY6zTwNbYm_ycYSMTWGoj7Fs/edit#gid=988414118) | official finalist sheet: public sheet has no 作品URL column (https://docs.google.com/spreadsheets/d/1zPBJ2mUkFuIbnCl2qQqgY6zTwNbYm_ycYSMTWGoj7Fs/edit#gid=606757580)
2022,ハザードマップゲーム（遊ぶハザードマップ）,,,,,,,not_found,no candidate URL matched the project name; official first-round results: official first-round page parsed; 0 project-URL candidates (https://urbandata-challenge.jp/news/2022-finalist) | official finalist sheet: public sheet has no 作品URL column (https://docs.google.com/spreadsheets/d/1zPBJ2mUkFuIbnCl2qQqgY6zTwNbYm_ycYSMTWGoj7Fs/edit#gid=988414118) | official finalist sheet: public sheet has no 作品URL column (https://docs.google.com/spreadsheets/d/1zPBJ2mUkFuIbnCl2qQqgY6zTwNbYm_ycYSMTWGoj7Fs/edit#gid=606757580)
2022,耳で聞く水害ハザードマップ,,,,,,,not_found,no candidate URL matched the project name; official first-round results: official first-round page parsed; 0 project-URL candidates (https://urbandata-challenge.jp/news/2022-finalist) | official finalist sheet: public sheet has no 作品URL column (https://docs.google.com/spreadsheets/d/1zPBJ2mUkFuIbnCl2qQqgY6zTwNbYm_ycYSMTWGoj7Fs/edit#gid=988414118) | official finalist sheet: public sheet has no 作品URL column (https://docs.google.com/spreadsheets/d/1zPBJ2mUkFuIbnCl2qQqgY6zTwNbYm_ycYSMTWGoj7Fs/edit#gid=606757580)
2022,看護学生がつくるバリアフリーの3Dタウン,,,,,,,not_found,no candidate URL matched the project name; official first-round results: official first-round page parsed; 0 project-URL candidates (https://urbandata-challenge.jp/news/2022-finalist) | official finalist sheet: public sheet has no 作品URL column (https://docs.google.com/spreadsheets/d/1zPBJ2mUkFuIbnCl2qQqgY6zTwNbYm_ycYSMTWGoj7Fs/edit#gid=988414118) | official finalist sheet: public sheet has no 作品URL column (https://docs.google.com/spreadsheets/d/1zPBJ2mUkFuIbnCl2qQqgY6zTwNbYm_ycYSMTWGoj7Fs/edit#gid=606757580)
2022,ねこにげ～ペットと避難できる避難所マップ～,,,,,,,not_found,no candidate URL matched the project name; official first-round results: official first-round page parsed; 0 project-URL candidates (https://urbandata-challenge.jp/news/2022-finalist) | official finalist sheet: public sheet has no 作品URL column (https://docs.google.com/spreadsheets/d/1zPBJ2mUkFuIbnCl2qQqgY6zTwNbYm_ycYSMTWGoj7Fs/edit#gid=988414118) | official finalist sheet: public sheet has no 作品URL column (https://docs.google.com/spreadsheets/d/1zPBJ2mUkFuIbnCl2qQqgY6zTwNbYm_ycYSMTWGoj7Fs/edit#gid=606757580)
2022,鯉のテーマパーク「鯉っちゃう？」,,,,,,,not_found,no candidate URL matched the project name; official first-round results: official first-round page parsed; 0 project-URL candidates (https://urbandata-challenge.jp/news/2022-finalist) | official finalist sheet: public sheet has no 作品URL column (https://docs.google.com/spreadsheets/d/1zPBJ2mUkFuIbnCl2qQqgY6zTwNbYm_ycYSMTWGoj7Fs/edit#gid=988414118) | official finalist sheet: public sheet has no 作品URL column (https://docs.google.com/spreadsheets/d/1zPBJ2mUkFuIbnCl2qQqgY6zTwNbYm_ycYSMTWGoj7Fs/edit#gid=606757580)
2021,ＡＥＤシートとＡＥＤ設置場所のオープンデータ化,,https://docs.google.com/spreadsheets/d/1hSYKFHLhibWWVv_ccyErgAc3gsAoTPbTIbPAMjmouP8/edit?usp=sharing,https://kumano-sp.kiiminpo.jp/aed/,officially listed project URL,normalized exact project name,,candidate_found,
2021,由来のわかる地名カルタ「言の場」,,https://docs.google.com/spreadsheets/d/1hSYKFHLhibWWVv_ccyErgAc3gsAoTPbTIbPAMjmouP8/edit?usp=sharing,https://kotono.ba/,officially listed project URL,normalized exact project name,,candidate_found,
2021,未来を創る教育DX,,,,,,,not_found,no candidate URL matched the project name; official first-round results: official first-round page parsed; 0 project-URL candidates (https://urbandata-challenge.jp/news/2021-finalist) | official finalist sheet: public sheet parsed; 18 non-empty project URL cells (https://docs.google.com/spreadsheets/d/1hSYKFHLhibWWVv_ccyErgAc3gsAoTPbTIbPAMjmouP8/edit?usp=sharing)
2021,龍野高校周辺の内水氾濫ハザードマップ,,https://docs.google.com/spreadsheets/d/1hSYKFHLhibWWVv_ccyErgAc3gsAoTPbTIbPAMjmouP8/edit?usp=sharing,http://www.azeta.jp/kadaikenkyuu_2021/index.html,officially listed project URL,normalized exact project name,,candidate_found,
2021,地域交通・観光活性化を目的とした謎解きゲームアプリ「船内脱出ゲーム なぞなぞクジラと不思議な船」,,https://docs.google.com/spreadsheets/d/1hSYKFHLhibWWVv_ccyErgAc3gsAoTPbTIbPAMjmouP8/edit?usp=sharing,https://nazokujira.sakura.ne.jp/,officially listed project URL,normalized exact project name,,candidate_found,
2021,佐賀水歴史マップ,,https://docs.google.com/spreadsheets/d/1hSYKFHLhibWWVv_ccyErgAc3gsAoTPbTIbPAMjmouP8/edit?usp=sharing,https://winter.ai.is.saga-u.ac.jp/water-map/,officially listed project URL,normalized exact project name,,candidate_found,
2021,Sake Analyzer,,https://docs.google.com/spreadsheets/d/1hSYKFHLhibWWVv_ccyErgAc3gsAoTPbTIbPAMjmouP8/edit?usp=sharing,https://sake-analyzer-udc.herokuapp.com/,officially listed project URL,normalized exact project name,,candidate_found,
2021,室蘭時層写真プロジェクト,,https://docs.google.com/spreadsheets/d/1hSYKFHLhibWWVv_ccyErgAc3gsAoTPbTIbPAMjmouP8/edit?usp=sharing,https://openphoto.app/c/cfmuroran,officially listed project URL,normalized exact project name,,candidate_found,
2021,シビックテック井戸端キャスト,,https://docs.google.com/spreadsheets/d/1hSYKFHLhibWWVv_ccyErgAc3gsAoTPbTIbPAMjmouP8/edit?usp=sharing,https://anchor.fm/civictechcast,officially listed project URL,normalized exact project name,,candidate_found,
2021,カーネル密度推定を利用した愛知県・犯罪ヒートマップ,,https://docs.google.com/spreadsheets/d/1hSYKFHLhibWWVv_ccyErgAc3gsAoTPbTIbPAMjmouP8/edit?usp=sharing,https://mukai-lab.info/application/CrimeHeatmap,officially listed project URL,normalized exact project name,,candidate_found,
2021,GakutoBeat,,https://docs.google.com/spreadsheets/d/1hSYKFHLhibWWVv_ccyErgAc3gsAoTPbTIbPAMjmouP8/edit?usp=sharing,https://www.dropbox.com/sh/mgo4i67pyrdp3it/AAC-hGuwrzNib06MSiSe6JVsa?dl=0,officially listed project URL,normalized exact project name,,candidate_found,
2021,新潟市道路網-POIグラフデータ,,https://docs.google.com/spreadsheets/d/1hSYKFHLhibWWVv_ccyErgAc3gsAoTPbTIbPAMjmouP8/edit?usp=sharing,https://github.com/ggszk/niigata-gis-graph,github repository,normalized exact project name,,candidate_found,
2021,インターネット不要！どこでもオフライン地図サーバ,,https://docs.google.com/spreadsheets/d/1hSYKFHLhibWWVv_ccyErgAc3gsAoTPbTIbPAMjmouP8/edit?usp=sharing,https://github.com/furuhashilab/URBAN-DATA-CHALLENGE,github repository,normalized exact project name,,candidate_found,
2021,定年退職後のセカンドライフ適正診断ツール「人生これから診断」はたらく・学ぶ・たのしむ さいたま市編の開発,,,,,,,not_found,no candidate URL matched the project name; official first-round results: official first-round page parsed; 0 project-URL candidates (https://urbandata-challenge.jp/news/2021-finalist) | official finalist sheet: public sheet parsed; 18 non-empty project URL cells (https://docs.google.com/spreadsheets/d/1hSYKFHLhibWWVv_ccyErgAc3gsAoTPbTIbPAMjmouP8/edit?usp=sharing)
2021,バスあと何分ミニサイネージ,,,,,,,not_found,no candidate URL matched the project name; official first-round results: official first-round page parsed; 0 project-URL candidates (https://urbandata-challenge.jp/news/2021-finalist) | official finalist sheet: public sheet parsed; 18 non-empty project URL cells (https://docs.google.com/spreadsheets/d/1hSYKFHLhibWWVv_ccyErgAc3gsAoTPbTIbPAMjmouP8/edit?usp=sharing)
2021,Arakawa Digital Twin Online -荒川３Ｄ河川管内図 河川管理情報プラットフォームの構築-,,https://docs.google.com/spreadsheets/d/1hSYKFHLhibWWVv_ccyErgAc3gsAoTPbTIbPAMjmouP8/edit?usp=sharing,https://www.ktr.mlit.go.jp/arage/arage01048.html,officially listed project URL,normalized exact project name,,candidate_found,
2021,高山市におけるAIカメラを活用したデータ収集と地域での活用に向けて,,https://docs.google.com/spreadsheets/d/1hSYKFHLhibWWVv_ccyErgAc3gsAoTPbTIbPAMjmouP8/edit?usp=sharing,https://mdg-web.main.jp/takayama/#/main,officially listed project URL,normalized exact project name,,ambiguous_candidates,
2021,高山市におけるAIカメラを活用したデータ収集と地域での活用に向けて,,https://docs.google.com/spreadsheets/d/1hSYKFHLhibWWVv_ccyErgAc3gsAoTPbTIbPAMjmouP8/edit?usp=sharing,https://share.streamlit.io/kyasby/viz_takayama/main/app.py,officially listed project URL,normalized exact project name,,ambiguous_candidates,
2021,位置情報ベースのタスク管理ツール LOBSTA で防災施設の点検・報告作業をデジタル化,,https://docs.google.com/spreadsheets/d/1hSYKFHLhibWWVv_ccyErgAc3gsAoTPbTIbPAMjmouP8/edit?usp=sharing,https://udc2021.lobsta.io/,officially listed project URL,normalized exact project name,,ambiguous_candidates,source URL field mentions login-required operation; no authentication attempted
2021,位置情報ベースのタスク管理ツール LOBSTA で防災施設の点検・報告作業をデジタル化,,https://docs.google.com/spreadsheets/d/1hSYKFHLhibWWVv_ccyErgAc3gsAoTPbTIbPAMjmouP8/edit?usp=sharing,https://nodered.georepublic.net,officially listed project URL,normalized exact project name,,ambiguous_candidates,source URL field mentions login-required operation; no authentication attempted
2021,Urban Pulse – pg_scheduleserv によるスマートシティ向けスケジュールエンジン,,https://docs.google.com/spreadsheets/d/1hSYKFHLhibWWVv_ccyErgAc3gsAoTPbTIbPAMjmouP8/edit?usp=sharing,https://demo.udc.pgrouting.org/,officially listed project URL,normalized exact project name,,candidate_found,
2021,伝統産業ｘＩＴで美濃焼の地域ブランディングを推進する活動,,,,,,,not_found,no candidate URL matched the project name; official first-round results: official first-round page parsed; 0 project-URL candidates (https://urbandata-challenge.jp/news/2021-finalist) | official finalist sheet: public sheet parsed; 18 non-empty project URL cells (https://docs.google.com/spreadsheets/d/1hSYKFHLhibWWVv_ccyErgAc3gsAoTPbTIbPAMjmouP8/edit?usp=sharing)
2021,道路名別高速道路路線データ,,,,,,,not_found,no candidate URL matched the project name; official first-round results: official first-round page parsed; 0 project-URL candidates (https://urbandata-challenge.jp/news/2021-finalist) | official finalist sheet: public sheet parsed; 18 non-empty project URL cells (https://docs.google.com/spreadsheets/d/1hSYKFHLhibWWVv_ccyErgAc3gsAoTPbTIbPAMjmouP8/edit?usp=sharing)
2021,防災道の駅オープンデータ,,,,,,,not_found,no candidate URL matched the project name; official first-round results: official first-round page parsed; 0 project-URL candidates (https://urbandata-challenge.jp/news/2021-finalist) | official finalist sheet: public sheet parsed; 18 non-empty project URL cells (https://docs.google.com/spreadsheets/d/1hSYKFHLhibWWVv_ccyErgAc3gsAoTPbTIbPAMjmouP8/edit?usp=sharing)
2021,“間抜け”定期を使って！会おう！マップ,,,,,,,not_found,no candidate URL matched the project name; official first-round results: official first-round page parsed; 0 project-URL candidates (https://urbandata-challenge.jp/news/2021-finalist) | official finalist sheet: public sheet parsed; 18 non-empty project URL cells (https://docs.google.com/spreadsheets/d/1hSYKFHLhibWWVv_ccyErgAc3gsAoTPbTIbPAMjmouP8/edit?usp=sharing)
2021,被災状況早期検知システム,,,,,,,not_found,no candidate URL matched the project name; official first-round results: official first-round page parsed; 0 project-URL candidates (https://urbandata-challenge.jp/news/2021-finalist) | official finalist sheet: public sheet parsed; 18 non-empty project URL cells (https://docs.google.com/spreadsheets/d/1hSYKFHLhibWWVv_ccyErgAc3gsAoTPbTIbPAMjmouP8/edit?usp=sharing)
2020,ガタリコ,,https://docs.google.com/spreadsheets/d/1lc56B5xNghkz82AzxBv_19iARWowPgISZwT3fekKzVw/edit?usp=sharing,https://apps.apple.com/jp/app/%E3%82%AC%E3%82%BF%E3%83%AA%E3%82%B3/id1538308049,officially listed project URL,normalized exact project name,,candidate_found,
2020,#すそのんエール飯ドライブスルー弁当市場 在庫お知らせサービス,,https://docs.google.com/spreadsheets/d/1lc56B5xNghkz82AzxBv_19iARWowPgISZwT3fekKzVw/edit?usp=sharing,https://susononyell.glideapp.io/,officially listed project URL,normalized exact project name,,candidate_found,
2020,ミュージカルとデータでまちの魅力発信！「川崎シビックプライド」,,https://docs.google.com/spreadsheets/d/1lc56B5xNghkz82AzxBv_19iARWowPgISZwT3fekKzVw/edit?usp=sharing,https://www.youtube.com/watch?v=ygp_a6HFgsc,officially listed project URL,normalized exact project name,,candidate_found,
2020,東広島テイクアウトマップアプリ,,https://docs.google.com/spreadsheets/d/1lc56B5xNghkz82AzxBv_19iARWowPgISZwT3fekKzVw/edit?usp=sharing,https://durh4.glideapp.io/,officially listed project URL,normalized exact project name,,candidate_found,
2020,空き地活用戦略本部,,https://docs.google.com/spreadsheets/d/1lc56B5xNghkz82AzxBv_19iARWowPgISZwT3fekKzVw/edit?usp=sharing,https://public-plus.jp/cn2/pg71.html,officially listed project URL,normalized exact project name,,candidate_found,
2020,迷わず乗れるもん,,,,,,,not_found,no candidate URL matched the project name; official first-round results: official first-round page parsed; 0 project-URL candidates (https://urbandata-challenge.jp/news/2020-finalist) | official finalist sheet: public sheet parsed; 16 non-empty project URL cells (https://docs.google.com/spreadsheets/d/1lc56B5xNghkz82AzxBv_19iARWowPgISZwT3fekKzVw/edit?usp=sharing)
2020,防災INSIGHT,,https://docs.google.com/spreadsheets/d/1lc56B5xNghkz82AzxBv_19iARWowPgISZwT3fekKzVw/edit?usp=sharing,https://linkevery2s.github.io/bsinsight/index.html,officially listed project URL,normalized exact project name,,candidate_found,
2020,自転車とローカル線のつながり,,,,,,,not_found,no candidate URL matched the project name; official first-round results: official first-round page parsed; 0 project-URL candidates (https://urbandata-challenge.jp/news/2020-finalist) | official finalist sheet: public sheet parsed; 16 non-empty project URL cells (https://docs.google.com/spreadsheets/d/1lc56B5xNghkz82AzxBv_19iARWowPgISZwT3fekKzVw/edit?usp=sharing)
2020,食べてみりん,,https://docs.google.com/spreadsheets/d/1lc56B5xNghkz82AzxBv_19iARWowPgISZwT3fekKzVw/edit?usp=sharing,https://tabetemi.jp/,officially listed project URL,normalized exact project name,,candidate_found,
2020,"みんなの名前オープンにします。IPAmj, LibreOffice, and…",,https://docs.google.com/spreadsheets/d/1lc56B5xNghkz82AzxBv_19iARWowPgISZwT3fekKzVw/edit?usp=sharing,https://extensions.libreoffice.org/en/extensions/show/1077,officially listed project URL,normalized exact project name,,candidate_found,
2020,富山県公認新型コロナウイルス感染症対策サイト,,https://docs.google.com/spreadsheets/d/1lc56B5xNghkz82AzxBv_19iARWowPgISZwT3fekKzVw/edit?usp=sharing,https://stopcovid19-toyama.netlify.app/,officially listed project URL,normalized exact project name,,candidate_found,
2020,CivicTech俯瞰図鑑,,https://docs.google.com/spreadsheets/d/1lc56B5xNghkz82AzxBv_19iARWowPgISZwT3fekKzVw/edit?usp=sharing,https://github.com/siramatu/brigade-visualizer,github repository,normalized exact project name,,candidate_found,
2020,静岡県 富士山南東部/伊豆東部 点群3DTilesデータ,,https://docs.google.com/spreadsheets/d/1lc56B5xNghkz82AzxBv_19iARWowPgISZwT3fekKzVw/edit?usp=sharing,https://www.gkan.jp/udc2020/index.html,officially listed project URL,normalized exact project name,,candidate_found,
2020,senQyouプロジェクト,,,,,,,not_found,no candidate URL matched the project name; official first-round results: official first-round page parsed; 0 project-URL candidates (https://urbandata-challenge.jp/news/2020-finalist) | official finalist sheet: public sheet parsed; 16 non-empty project URL cells (https://docs.google.com/spreadsheets/d/1lc56B5xNghkz82AzxBv_19iARWowPgISZwT3fekKzVw/edit?usp=sharing)
2020,QGISを用いた地域課題の見える化,,,,,,,not_found,no candidate URL matched the project name; official first-round results: official first-round page parsed; 0 project-URL candidates (https://urbandata-challenge.jp/news/2020-finalist) | official finalist sheet: public sheet parsed; 16 non-empty project URL cells (https://docs.google.com/spreadsheets/d/1lc56B5xNghkz82AzxBv_19iARWowPgISZwT3fekKzVw/edit?usp=sharing)
2020,道路の三次元点群データ配信基盤,,https://docs.google.com/spreadsheets/d/1lc56B5xNghkz82AzxBv_19iARWowPgISZwT3fekKzVw/edit?usp=sharing,https://tengun.z11.web.core.windows.net/#18/35.17474/138.90789,officially listed project URL,normalized exact project name,,candidate_found,
2020,釣りドコ,,https://docs.google.com/spreadsheets/d/1lc56B5xNghkz82AzxBv_19iARWowPgISZwT3fekKzVw/edit?usp=sharing,https://turidoco.com/,officially listed project URL,normalized exact project name,,candidate_found,
2020,「子どもとお出かけ情報サイトいこーよ」で地域の魅力再発見,,https://docs.google.com/spreadsheets/d/1lc56B5xNghkz82AzxBv_19iARWowPgISZwT3fekKzVw/edit?usp=sharing,https://iko-yo.net/,officially listed project URL,normalized exact project name,,candidate_found,
2020,マルチプラットフォーム対応の応急危険度判定支援ツール,,https://docs.google.com/spreadsheets/d/1lc56B5xNghkz82AzxBv_19iARWowPgISZwT3fekKzVw/edit?usp=sharing,https://www.arcgis.com/sharing/rest/content/items/ab16c3cccf624264a4bcdbc2e82f1244/data,officially listed project URL,normalized exact project name,,candidate_found,
2020,触れる暑熱環境シミュレーション,,https://docs.google.com/spreadsheets/d/1lc56B5xNghkz82AzxBv_19iARWowPgISZwT3fekKzVw/edit?usp=sharing,https://youtu.be/jlzhE9k9RA8,officially listed project URL,normalized exact project name,,candidate_found,
2020,PETS×LINE Botで遊んじゃおう！学んじゃおう！,,,,,,,not_found,no candidate URL matched the project name; official first-round results: official first-round page parsed; 0 project-URL candidates (https://urbandata-challenge.jp/news/2020-finalist) | official finalist sheet: public sheet parsed; 16 non-empty project URL cells (https://docs.google.com/spreadsheets/d/1lc56B5xNghkz82AzxBv_19iARWowPgISZwT3fekKzVw/edit?usp=sharing)
2020,1ｍメッシュ標高データの可視化～龍野高校グラウンドを例に～,,,,,,,not_found,no candidate URL matched the project name; official first-round results: official first-round page parsed; 0 project-URL candidates (https://urbandata-challenge.jp/news/2020-finalist) | official finalist sheet: public sheet parsed; 16 non-empty project URL cells (https://docs.google.com/spreadsheets/d/1lc56B5xNghkz82AzxBv_19iARWowPgISZwT3fekKzVw/edit?usp=sharing)
2020,Kidsプログラミングで、初めてのオープンデータ活用,,,,,,,not_found,no candidate URL matched the project name; official first-round results: official first-round page parsed; 0 project-URL candidates (https://urbandata-challenge.jp/news/2020-finalist) | official finalist sheet: public sheet parsed; 16 non-empty project URL cells (https://docs.google.com/spreadsheets/d/1lc56B5xNghkz82AzxBv_19iARWowPgISZwT3fekKzVw/edit?usp=sharing)
2020,課題解決の課題解決,,,,,,,not_found,no candidate URL matched the project name; official first-round results: official first-round page parsed; 0 project-URL candidates (https://urbandata-challenge.jp/news/2020-finalist) | official finalist sheet: public sheet parsed; 16 non-empty project URL cells (https://docs.google.com/spreadsheets/d/1lc56B5xNghkz82AzxBv_19iARWowPgISZwT3fekKzVw/edit?usp=sharing)
2020,岐阜県版新型コロナウイルス対策サイト,,,,,,,not_found,no candidate URL matched the project name; official first-round results: official first-round page parsed; 0 project-URL candidates (https://urbandata-challenge.jp/news/2020-finalist) | official finalist sheet: public sheet parsed; 16 non-empty project URL cells (https://docs.google.com/spreadsheets/d/1lc56B5xNghkz82AzxBv_19iARWowPgISZwT3fekKzVw/edit?usp=sharing)
2020,『アーバンデータチャレンジ2021』の応募件数を２倍にするためのアイデア,,,,,,,not_found,no candidate URL matched the project name; official first-round results: official first-round page parsed; 0 project-URL candidates (https://urbandata-challenge.jp/news/2020-finalist) | official finalist sheet: public sheet parsed; 16 non-empty project URL cells (https://docs.google.com/spreadsheets/d/1lc56B5xNghkz82AzxBv_19iARWowPgISZwT3fekKzVw/edit?usp=sharing)
2020,江東5区の最寄り避難施設データ,,,,,,,not_found,no candidate URL matched the project name; official first-round results: official first-round page parsed; 0 project-URL candidates (https://urbandata-challenge.jp/news/2020-finalist) | official finalist sheet: public sheet parsed; 16 non-empty project URL cells (https://docs.google.com/spreadsheets/d/1lc56B5xNghkz82AzxBv_19iARWowPgISZwT3fekKzVw/edit?usp=sharing)
2020,OwnTwin,,,,,,,not_found,no candidate URL matched the project name; official first-round results: official first-round page parsed; 0 project-URL candidates (https://urbandata-challenge.jp/news/2020-finalist) | official finalist sheet: public sheet parsed; 16 non-empty project URL cells (https://docs.google.com/spreadsheets/d/1lc56B5xNghkz82AzxBv_19iARWowPgISZwT3fekKzVw/edit?usp=sharing)
2019,船内脱出ゲーム〜船長からの挑戦状〜,,,,,,,not_found,no candidate URL matched the project name; official first-round results: official first-round page parsed; 0 project-URL candidates (https://urbandata-challenge.jp/news/2019-finalyst) | official finalist sheet status=401 (https://docs.google.com/spreadsheets/d/1tI6X9uXutsDSdaTs5flwQK3VKQg3a4hyx-sU-IiKJJ0/edit#gid=1120126937)
2019,プライバシに配慮した人流センサシステムの開発,,,,,,,not_found,no candidate URL matched the project name; official first-round results: official first-round page parsed; 0 project-URL candidates (https://urbandata-challenge.jp/news/2019-finalyst) | official finalist sheet status=401 (https://docs.google.com/spreadsheets/d/1tI6X9uXutsDSdaTs5flwQK3VKQg3a4hyx-sU-IiKJJ0/edit#gid=1120126937)
2019,「まびケア」のその後：「まちケア」と防災に役立つデータセット公開,,,,,,,not_found,no candidate URL matched the project name; official first-round results: official first-round page parsed; 0 project-URL candidates (https://urbandata-challenge.jp/news/2019-finalyst) | official finalist sheet status=401 (https://docs.google.com/spreadsheets/d/1tI6X9uXutsDSdaTs5flwQK3VKQg3a4hyx-sU-IiKJJ0/edit#gid=1120126937)
2019,小城藩日記プロジェクト,,,,,,,not_found,no candidate URL matched the project name; official first-round results: official first-round page parsed; 0 project-URL candidates (https://urbandata-challenge.jp/news/2019-finalyst) | official finalist sheet status=401 (https://docs.google.com/spreadsheets/d/1tI6X9uXutsDSdaTs5flwQK3VKQg3a4hyx-sU-IiKJJ0/edit#gid=1120126937)
2019,意義あり！,,,,,,,not_found,no candidate URL matched the project name; official first-round results: official first-round page parsed; 0 project-URL candidates (https://urbandata-challenge.jp/news/2019-finalyst) | official finalist sheet status=401 (https://docs.google.com/spreadsheets/d/1tI6X9uXutsDSdaTs5flwQK3VKQg3a4hyx-sU-IiKJJ0/edit#gid=1120126937)
2019,かぜおけ！,,,,,,,not_found,no candidate URL matched the project name; official first-round results: official first-round page parsed; 0 project-URL candidates (https://urbandata-challenge.jp/news/2019-finalyst) | official finalist sheet status=401 (https://docs.google.com/spreadsheets/d/1tI6X9uXutsDSdaTs5flwQK3VKQg3a4hyx-sU-IiKJJ0/edit#gid=1120126937)
2019,洋ナシ画像のオープンデータ化～外観検査⾃動化を⽬指して～,,,,,,,not_found,no candidate URL matched the project name; official first-round results: official first-round page parsed; 0 project-URL candidates (https://urbandata-challenge.jp/news/2019-finalyst) | official finalist sheet status=401 (https://docs.google.com/spreadsheets/d/1tI6X9uXutsDSdaTs5flwQK3VKQg3a4hyx-sU-IiKJJ0/edit#gid=1120126937)
2019,写真オープンデータ公開に向けて,,,,,,,not_found,no candidate URL matched the project name; official first-round results: official first-round page parsed; 0 project-URL candidates (https://urbandata-challenge.jp/news/2019-finalyst) | official finalist sheet status=401 (https://docs.google.com/spreadsheets/d/1tI6X9uXutsDSdaTs5flwQK3VKQg3a4hyx-sU-IiKJJ0/edit#gid=1120126937)
2019,Kingyo AI Navi （ LINE 版）,,,,,,,not_found,no candidate URL matched the project name; official first-round results: official first-round page parsed; 0 project-URL candidates (https://urbandata-challenge.jp/news/2019-finalyst) | official finalist sheet status=401 (https://docs.google.com/spreadsheets/d/1tI6X9uXutsDSdaTs5flwQK3VKQg3a4hyx-sU-IiKJJ0/edit#gid=1120126937)
2019,いきいきの輪,,,,,,,not_found,no candidate URL matched the project name; official first-round results: official first-round page parsed; 0 project-URL candidates (https://urbandata-challenge.jp/news/2019-finalyst) | official finalist sheet status=401 (https://docs.google.com/spreadsheets/d/1tI6X9uXutsDSdaTs5flwQK3VKQg3a4hyx-sU-IiKJJ0/edit#gid=1120126937)
2018,トータル金魚ナビゲーション「Kingyo AI Navi」,,,,,,,not_found,no candidate URL matched the project name; official first-round results: official first-round page parsed; 0 project-URL candidates (https://urbandata-challenge.jp/news/2018-finalyst) | official finalist sheet status=401 (http://bit.ly/udc2018-finalist)
2018,グッバイ野良猫、ハロー地域猫,,,,,,,not_found,no candidate URL matched the project name; official first-round results: official first-round page parsed; 0 project-URL candidates (https://urbandata-challenge.jp/news/2018-finalyst) | official finalist sheet status=401 (http://bit.ly/udc2018-finalist)
2018,バスストップ～乗り降りお知らせアプリ～,,,,,,,not_found,no candidate URL matched the project name; official first-round results: official first-round page parsed; 0 project-URL candidates (https://urbandata-challenge.jp/news/2018-finalyst) | official finalist sheet status=401 (http://bit.ly/udc2018-finalist)
2018,これからの「まびケア」に向けた避難所周辺施設情報,,,,,,,not_found,no candidate URL matched the project name; official first-round results: official first-round page parsed; 0 project-URL candidates (https://urbandata-challenge.jp/news/2018-finalyst) | official finalist sheet status=401 (http://bit.ly/udc2018-finalist)
2018,都道府県議会会議録検索システム「ぎ～みる」,,,,,,,not_found,no candidate URL matched the project name; official first-round results: official first-round page parsed; 0 project-URL candidates (https://urbandata-challenge.jp/news/2018-finalyst) | official finalist sheet status=401 (http://bit.ly/udc2018-finalist)
2018,国道・県道の構造的地理空間データ,,,,,,,not_found,no candidate URL matched the project name; official first-round results: official first-round page parsed; 0 project-URL candidates (https://urbandata-challenge.jp/news/2018-finalyst) | official finalist sheet status=401 (http://bit.ly/udc2018-finalist)
2018,安来市のオープンデータを活用して地域課題を研究する高校生の取り組み,,,,,,,not_found,no candidate URL matched the project name; official first-round results: official first-round page parsed; 0 project-URL candidates (https://urbandata-challenge.jp/news/2018-finalyst) | official finalist sheet status=401 (http://bit.ly/udc2018-finalist)
2018,防災啓発アプリ オープンデータで自助の意識を高めよう,,,,,,,not_found,no candidate URL matched the project name; official first-round results: official first-round page parsed; 0 project-URL candidates (https://urbandata-challenge.jp/news/2018-finalyst) | official finalist sheet status=401 (http://bit.ly/udc2018-finalist)
2018,隣のおじいちゃんが逃げ遅れないために僕ができること 〜防災情報スピーカ〜,,,,,,,not_found,no candidate URL matched the project name; official first-round results: official first-round page parsed; 0 project-URL candidates (https://urbandata-challenge.jp/news/2018-finalyst) | official finalist sheet status=401 (http://bit.ly/udc2018-finalist)
2018,神エクセル解決アプリ「Excel→CSV」 単なる変換に非ず。オープンデータを促進し業務革新に誘う導火線ツール,,,,,,,not_found,no candidate URL matched the project name; official first-round results: official first-round page parsed; 0 project-URL candidates (https://urbandata-challenge.jp/news/2018-finalyst) | official finalist sheet status=401 (http://bit.ly/udc2018-finalist)
2018,とれくるPON 福井県嶺南観光アプリ,,,,,,,not_found,no candidate URL matched the project name; official first-round results: official first-round page parsed; 0 project-URL candidates (https://urbandata-challenge.jp/news/2018-finalyst) | official finalist sheet status=401 (http://bit.ly/udc2018-finalist)
2018,議会を見える化するプロジェクト「議会マイニング」,,,,,,,not_found,no candidate URL matched the project name; official first-round results: official first-round page parsed; 0 project-URL candidates (https://urbandata-challenge.jp/news/2018-finalyst) | official finalist sheet status=401 (http://bit.ly/udc2018-finalist)
2018,鉄道地質 with 避難場所,,,,,,,not_found,no candidate URL matched the project name; official first-round results: official first-round page parsed; 0 project-URL candidates (https://urbandata-challenge.jp/news/2018-finalyst) | official finalist sheet status=401 (http://bit.ly/udc2018-finalist)
2018,みにばす旅,,,,,,,not_found,no candidate URL matched the project name; official first-round results: official first-round page parsed; 0 project-URL candidates (https://urbandata-challenge.jp/news/2018-finalyst) | official finalist sheet status=401 (http://bit.ly/udc2018-finalist)
2018,将来の日野市を想像・創造していく,,,,,,,not_found,no candidate URL matched the project name; official first-round results: official first-round page parsed; 0 project-URL candidates (https://urbandata-challenge.jp/news/2018-finalyst) | official finalist sheet status=401 (http://bit.ly/udc2018-finalist)
2018,Wikiplate,,,,,,,not_found,no candidate URL matched the project name; official first-round results: official first-round page parsed; 0 project-URL candidates (https://urbandata-challenge.jp/news/2018-finalyst) | official finalist sheet status=401 (http://bit.ly/udc2018-finalist)
2017,詳細トイレ情報,,,,,,,not_found,no candidate URL matched the project name; official archive: official archive parsed; 0 project-link candidates (https://urbandata-challenge.jp/2017/2017-archives) | official first-round results: official first-round page parsed; 11 project-URL candidates (https://urbandata-challenge.jp/2017/2017-1st-results)
2017,POSTi,,,,,,,not_found,no candidate URL matched the project name; official archive: official archive parsed; 0 project-link candidates (https://urbandata-challenge.jp/2017/2017-archives) | official first-round results: official first-round page parsed; 11 project-URL candidates (https://urbandata-challenge.jp/2017/2017-1st-results)
2017,全天球カメラによる歩道現況調査,,https://urbandata-challenge.jp/2017/2017-1st-results,https://www.mapillary.com/map/im/Q-uYhes4tY6Evx16iZ2VKg,officially listed project URL,normalized exact project name,,candidate_found,
2017,衆議院小選挙区ポリゴンデータ及び国勢調査小選挙区集計データ,,https://urbandata-challenge.jp/2017/2017-1st-results,http://www.csis.u-tokyo.ac.jp/~nishizawa/udc2017/,officially listed project URL,normalized exact project name,,candidate_found,
2017,Ubiquitous Surveying ~暮らしを支える公共測量~,,https://urbandata-challenge.jp/2017/2017-1st-results,https://github.com/sekilab/UDC2017_PublicSurveying,github repository,normalized exact project name,,candidate_found,
2017,code for kohoku 子どものためのマップ,,https://urbandata-challenge.jp/2017/2017-1st-results,https://codeforkohoku.github.io/papamama/,officially listed project URL,normalized exact project name,,candidate_found,
2017,とよのいいとこマップを広めたい,,,,,,,not_found,no candidate URL matched the project name; official archive: official archive parsed; 0 project-link candidates (https://urbandata-challenge.jp/2017/2017-archives) | official first-round results: official first-round page parsed; 11 project-URL candidates (https://urbandata-challenge.jp/2017/2017-1st-results)
2017,ちば保育園マップ,,https://urbandata-challenge.jp/2017/2017-1st-results,http://papamama.code4chiba.org/,officially listed project URL,normalized exact project name,,candidate_found,
2017,「互助」×「ＩＣＴ技術」を活用した「みまもりあいプロジェクト」,,https://urbandata-challenge.jp/2017/2017-1st-results,http://mimamoriai.net/,officially listed project URL,normalized exact project name,,candidate_found,
2017,めくるんの交通安全・日めくるん,,https://urbandata-challenge.jp/2017/2017-1st-results,http://mekurn.azurewebsites.net/mekurun.html,officially listed project URL,normalized exact project name,,candidate_found,
2017,御願マイスター,,,,,,,not_found,no candidate URL matched the project name; official archive: official archive parsed; 0 project-link candidates (https://urbandata-challenge.jp/2017/2017-archives) | official first-round results: official first-round page parsed; 11 project-URL candidates (https://urbandata-challenge.jp/2017/2017-1st-results)
2017,自治体ポータルにイコマッシュ！,,,,,,,not_found,no candidate URL matched the project name; official archive: official archive parsed; 0 project-link candidates (https://urbandata-challenge.jp/2017/2017-archives) | official first-round results: official first-round page parsed; 11 project-URL candidates (https://urbandata-challenge.jp/2017/2017-1st-results)
2017,日野市地域防犯ARアプリ,,,,,,,not_found,no candidate URL matched the project name; official archive: official archive parsed; 0 project-link candidates (https://urbandata-challenge.jp/2017/2017-archives) | official first-round results: official first-round page parsed; 11 project-URL candidates (https://urbandata-challenge.jp/2017/2017-1st-results)
2017,VALON,,,,,,,not_found,no candidate URL matched the project name; official archive: official archive parsed; 0 project-link candidates (https://urbandata-challenge.jp/2017/2017-archives) | official first-round results: official first-round page parsed; 11 project-URL candidates (https://urbandata-challenge.jp/2017/2017-1st-results)
2017,トイレビュー,,,,,,,not_found,no candidate URL matched the project name; official archive: official archive parsed; 0 project-link candidates (https://urbandata-challenge.jp/2017/2017-archives) | official first-round results: official first-round page parsed; 11 project-URL candidates (https://urbandata-challenge.jp/2017/2017-1st-results)
2017,室蘭百名坂,,https://urbandata-challenge.jp/2017/2017-1st-results,https://play.google.com/store/apps/details?id=ne.nisco.muroranhyakumeisaka&hl=ja,officially listed project URL,normalized exact project name,,candidate_found,
2017,標準的なバス情報フォーマット作成ツール,,,,,,,not_found,no candidate URL matched the project name; official archive: official archive parsed; 0 project-link candidates (https://urbandata-challenge.jp/2017/2017-archives) | official first-round results: official first-round page parsed; 11 project-URL candidates (https://urbandata-challenge.jp/2017/2017-1st-results)
2017,wikiコンシェルジュfor岡山,,https://urbandata-challenge.jp/2017/2017-1st-results,http://wikiconcierge.d-cradle.or.jp/,officially listed project URL,normalized exact project name,,candidate_found,
2016,Lightweight Road Manager,,,,,,,not_found,no candidate URL matched the project name; official archive: official archive parsed; 0 project-link candidates (https://urbandata-challenge.jp/2016/2016-archives) | official first-round results: official first-round page parsed; 0 project-URL candidates (https://urbandata-challenge.jp/2016/2016-1st-results)
2016,オガルコ,,,,,,,not_found,no candidate URL matched the project name; official archive: official archive parsed; 0 project-link candidates (https://urbandata-challenge.jp/2016/2016-archives) | official first-round results: official first-round page parsed; 0 project-URL candidates (https://urbandata-challenge.jp/2016/2016-1st-results)
2016,土地スカウター,,,,,,,not_found,no candidate URL matched the project name; official archive: official archive parsed; 0 project-link candidates (https://urbandata-challenge.jp/2016/2016-archives) | official first-round results: official first-round page parsed; 0 project-URL candidates (https://urbandata-challenge.jp/2016/2016-1st-results)
2016,のとノットアローン,,,,,,,not_found,no candidate URL matched the project name; official archive: official archive parsed; 0 project-link candidates (https://urbandata-challenge.jp/2016/2016-archives) | official first-round results: official first-round page parsed; 0 project-URL candidates (https://urbandata-challenge.jp/2016/2016-1st-results)
2016,インバウンド向け観光アプリAfter Fiver,,,,,,,not_found,no candidate URL matched the project name; official archive: official archive parsed; 0 project-link candidates (https://urbandata-challenge.jp/2016/2016-archives) | official first-round results: official first-round page parsed; 0 project-URL candidates (https://urbandata-challenge.jp/2016/2016-1st-results)
2016,MyCityForecastを活用したシミュレーションワークショップ,,,,,,,not_found,no candidate URL matched the project name; official archive: official archive parsed; 0 project-link candidates (https://urbandata-challenge.jp/2016/2016-archives) | official first-round results: official first-round page parsed; 0 project-URL candidates (https://urbandata-challenge.jp/2016/2016-1st-results)
2016,wikipedia TOWN in school,,,,,,,not_found,no candidate URL matched the project name; official archive: official archive parsed; 0 project-link candidates (https://urbandata-challenge.jp/2016/2016-archives) | official first-round results: official first-round page parsed; 0 project-URL candidates (https://urbandata-challenge.jp/2016/2016-1st-results)
2016,“地図を使った地域づくり”のすすめ with オープンマップ＠山口市,,,,,,,not_found,no candidate URL matched the project name; official archive: official archive parsed; 0 project-link candidates (https://urbandata-challenge.jp/2016/2016-archives) | official first-round results: official first-round page parsed; 0 project-URL candidates (https://urbandata-challenge.jp/2016/2016-1st-results)
2016,パーソナルデータからオープンデータへ ～住民基本台帳を匿名加工しオープンデータに！！～,,,,,,,not_found,no candidate URL matched the project name; official archive: official archive parsed; 0 project-link candidates (https://urbandata-challenge.jp/2016/2016-archives) | official first-round results: official first-round page parsed; 0 project-URL candidates (https://urbandata-challenge.jp/2016/2016-1st-results)
2016,地方議会議事録検索 議事ロックス,,,,,,,not_found,no candidate URL matched the project name; official archive: official archive parsed; 0 project-link candidates (https://urbandata-challenge.jp/2016/2016-archives) | official first-round results: official first-round page parsed; 0 project-URL candidates (https://urbandata-challenge.jp/2016/2016-1st-results)
2016,観光客向けの京都らしいデータ・セット,,,,,,,not_found,no candidate URL matched the project name; official archive: official archive parsed; 0 project-link candidates (https://urbandata-challenge.jp/2016/2016-archives) | official first-round results: official first-round page parsed; 0 project-URL candidates (https://urbandata-challenge.jp/2016/2016-1st-results)
2016,PCDB,,,,,,,not_found,no candidate URL matched the project name; official archive: official archive parsed; 0 project-link candidates (https://urbandata-challenge.jp/2016/2016-archives) | official first-round results: official first-round page parsed; 0 project-URL candidates (https://urbandata-challenge.jp/2016/2016-1st-results)
2016,生存確率,,,,,,,not_found,no candidate URL matched the project name; official archive: official archive parsed; 0 project-link candidates (https://urbandata-challenge.jp/2016/2016-archives) | official first-round results: official first-round page parsed; 0 project-URL candidates (https://urbandata-challenge.jp/2016/2016-1st-results)
2016,子育てイベントカレンダー「ぽかぽか」日野市版,,,,,,,not_found,no candidate URL matched the project name; official archive: official archive parsed; 0 project-link candidates (https://urbandata-challenge.jp/2016/2016-archives) | official first-round results: official first-round page parsed; 0 project-URL candidates (https://urbandata-challenge.jp/2016/2016-1st-results)
2016,写真からどこ行くの？,,,,,,,not_found,no candidate URL matched the project name; official archive: official archive parsed; 0 project-link candidates (https://urbandata-challenge.jp/2016/2016-archives) | official first-round results: official first-round page parsed; 0 project-URL candidates (https://urbandata-challenge.jp/2016/2016-1st-results)
2016,coco.ne,,,,,,,not_found,no candidate URL matched the project name; official archive: official archive parsed; 0 project-link candidates (https://urbandata-challenge.jp/2016/2016-archives) | official first-round results: official first-round page parsed; 0 project-URL candidates (https://urbandata-challenge.jp/2016/2016-1st-results)
2016,My 防災ノート,,,,,,,not_found,no candidate URL matched the project name; official archive: official archive parsed; 0 project-link candidates (https://urbandata-challenge.jp/2016/2016-archives) | official first-round results: official first-round page parsed; 0 project-URL candidates (https://urbandata-challenge.jp/2016/2016-1st-results)
2016,Oya talk,,,,,,,not_found,no candidate URL matched the project name; official archive: official archive parsed; 0 project-link candidates (https://urbandata-challenge.jp/2016/2016-archives) | official first-round results: official first-round page parsed; 0 project-URL candidates (https://urbandata-challenge.jp/2016/2016-1st-results)
2015,北海道統計データ閲覧ツール Seseki,,https://urbandata-challenge.jp/2015/2015-archives,http://labo.colspan.net/seseki_udc2015/,officially listed project URL,normalized exact project name,,candidate_found,
2015,室蘭百名坂,,,,,,,not_found,no candidate URL matched the project name; official archive: official archive parsed; 9 project-link candidates (https://urbandata-challenge.jp/2015/2015-archives) | official first-round results: official first-round page parsed; 0 project-URL candidates (https://urbandata-challenge.jp/2015/1st-results)
2015,大津祭曳山ストーリーテラー,,https://urbandata-challenge.jp/2015/2015-archives,http://easy-small-world.com/hikiyama/,officially listed project URL,normalized exact project name,,candidate_found,
2015,そなえど,,,,,,,not_found,no candidate URL matched the project name; official archive: official archive parsed; 9 project-link candidates (https://urbandata-challenge.jp/2015/2015-archives) | official first-round results: official first-round page parsed; 0 project-URL candidates (https://urbandata-challenge.jp/2015/1st-results)
2015,高精度エリアレポーティングサービスSpaada,,https://urbandata-challenge.jp/2015/2015-archives,https://www.spaada.co,officially listed project URL,normalized project name containment,,candidate_found,
2015,日野マップ,,,,,,,not_found,no candidate URL matched the project name; official archive: official archive parsed; 9 project-link candidates (https://urbandata-challenge.jp/2015/2015-archives) | official first-round results: official first-round page parsed; 0 project-URL candidates (https://urbandata-challenge.jp/2015/1st-results)
2015,日野再発見マップ,,,,,,,not_found,no candidate URL matched the project name; official archive: official archive parsed; 9 project-link candidates (https://urbandata-challenge.jp/2015/2015-archives) | official first-round results: official first-round page parsed; 0 project-URL candidates (https://urbandata-challenge.jp/2015/1st-results)
2015,見える日野,,,,,,,not_found,no candidate URL matched the project name; official archive: official archive parsed; 9 project-link candidates (https://urbandata-challenge.jp/2015/2015-archives) | official first-round results: official first-round page parsed; 0 project-URL candidates (https://urbandata-challenge.jp/2015/1st-results)
2015,しずみち探検隊,,,,,,,not_found,no candidate URL matched the project name; official archive: official archive parsed; 9 project-link candidates (https://urbandata-challenge.jp/2015/2015-archives) | official first-round results: official first-round page parsed; 0 project-URL candidates (https://urbandata-challenge.jp/2015/1st-results)
2015,松江データ歴史クイズマップ,,,,,,,not_found,no candidate URL matched the project name; official archive: official archive parsed; 9 project-link candidates (https://urbandata-challenge.jp/2015/2015-archives) | official first-round results: official first-round page parsed; 0 project-URL candidates (https://urbandata-challenge.jp/2015/1st-results)
2015,写真で紐解くたまがわ,,,,,,,not_found,no candidate URL matched the project name; official archive: official archive parsed; 9 project-link candidates (https://urbandata-challenge.jp/2015/2015-archives) | official first-round results: official first-round page parsed; 0 project-URL candidates (https://urbandata-challenge.jp/2015/1st-results)
2015,会津若松市空間位置情報付き写真データの整備と普及,,,,,,,not_found,no candidate URL matched the project name; official archive: official archive parsed; 9 project-link candidates (https://urbandata-challenge.jp/2015/2015-archives) | official first-round results: official first-round page parsed; 0 project-URL candidates (https://urbandata-challenge.jp/2015/1st-results)
2015,Tenbin,,,,,,,not_found,no candidate URL matched the project name; official archive: official archive parsed; 9 project-link candidates (https://urbandata-challenge.jp/2015/2015-archives) | official first-round results: official first-round page parsed; 0 project-URL candidates (https://urbandata-challenge.jp/2015/1st-results)
2015,陣痛ダイアリーによる男女共同参画社会を目指すKODOプロジェクト,,,,,,,not_found,no candidate URL matched the project name; official archive: official archive parsed; 9 project-link candidates (https://urbandata-challenge.jp/2015/2015-archives) | official first-round results: official first-round page parsed; 0 project-URL candidates (https://urbandata-challenge.jp/2015/1st-results)
2015,さすけね降雪情報登録システム,,https://urbandata-challenge.jp/2015/2015-archives,http://www.data4citizen.jp/app/users/openDataTop/show/sasukene,officially listed project URL,normalized exact project name,,candidate_found,
2015,交通量計測器TRAPO,,,,,,,not_found,no candidate URL matched the project name; official archive: official archive parsed; 9 project-link candidates (https://urbandata-challenge.jp/2015/2015-archives) | official first-round results: official first-round page parsed; 0 project-URL candidates (https://urbandata-challenge.jp/2015/1st-results)
2015,マプコXD,,,,,,,not_found,no candidate URL matched the project name; official archive: official archive parsed; 9 project-link candidates (https://urbandata-challenge.jp/2015/2015-archives) | official first-round results: official first-round page parsed; 0 project-URL candidates (https://urbandata-challenge.jp/2015/1st-results)
2014,ソーシェルジェ,,,,,,,not_found,no candidate URL matched the project name
2014,ジジババウォッチ,,,,,,,not_found,no candidate URL matched the project name
2014,ムロタクシェア,,,,,,,not_found,no candidate URL matched the project name
2014,イベントコンシェルジュ,,,,,,,not_found,no candidate URL matched the project name
2014,PUBIC MIND HOME,,,,,,,not_found,no candidate URL matched the project name
2014,自転車向け情報活用による地域観光振興〜ラックバスの導入に向けて〜,,,,,,,not_found,no candidate URL matched the project name
